<?xml version="1.0" encoding="UTF-8"?>
<!DOCTYPE hibernate-configuration PUBLIC "-//Hibernate/Hibernate Configuration DTD 3.0//EN"
"http://www.hibernate.org/dtd/hibernate-configuration-2.0.dtd">
<hibernate-configuration>
<session-factory>
<property name="connection.driver_class">com.mysql.jdbc.Driver</property>
<property name="connection.url">jdbc:mysql://localhost/hibernate_db_1</property>
<property name="connection.username">root</property>
<property name="connection.password"></property>
<property name="hbm2ddl.auto">create</property>
<property name="dialect">org.hibernate.dialect.MySQLDialect</property>
<property name="hibernate.show_mysql">true</property>
<property name="hibernate.transaction.jta.platform">true</property>
</session-factory>
</hibernate-configuration>